{
  "file_id": "Quantum_Computing_Beginner_Notes_20260129_1510",
  "original_file": {
    "original_size": 3544,
    "file_name": "Quantum_Computing_Beginner_Notes.pdf",
    "file_hash": "45c1126c016283b208af612d62450f4a",
    "padding": 8,
    "total_blocks": 111,
    "total_qubits": 555,
    "statevector_bytes": 56832
  },
  "storage_config": {
    "block_size": 32,
    "qubits_per_block": 5,
    "bytes_per_statevector": 512,
    "storage_method": "statevector"
  },
  "blocks": [
    {
      "index": 0,
      "block_id": "block_00000000_5e797bad",
      "scale_factor": 531.0225983891835,
      "start_byte": 0,
      "num_qubits": 5,
      "storage_bytes": 512
    },
    {
      "index": 1,
      "block_id": "block_00000001_d0f428e6",
      "scale_factor": 544.386811008496,
      "start_byte": 32,
      "num_qubits": 5,
      "storage_bytes": 512
    },
    {
      "index": 2,
      "block_id": "block_00000002_a6951b87",
      "scale_factor": 399.8862338215708,
      "start_byte": 64,
      "num_qubits": 5,
      "storage_bytes": 512
    },
    {
      "index": 3,
      "block_id": "block_00000003_1a01f952",
      "scale_factor": 392.47675090379556,
      "start_byte": 96,
      "num_qubits": 5,
      "storage_bytes": 512
    },
    {
      "index": 4,
      "block_id": "block_00000004_a00feea8",
      "scale_factor": 533.083483143119,
      "start_byte": 128,
      "num_qubits": 5,
      "storage_bytes": 512
    },
    {
      "index": 5,
      "block_id": "block_00000005_6fb91b83",
      "scale_factor": 509.8185951885239,
      "start_byte": 160,
      "num_qubits": 5,
      "storage_bytes": 512
    },
    {
      "index": 6,
      "block_id": "block_00000006_e9fde780",
      "scale_factor": 471.29184164379507,
      "start_byte": 192,
      "num_qubits": 5,
      "storage_bytes": 512
    },
    {
      "index": 7,
      "block_id": "block_00000007_62e71741",
      "scale_factor": 485.6202219842168,
      "start_byte": 224,
      "num_qubits": 5,
      "storage_bytes": 512
    },
    {
      "index": 8,
      "block_id": "block_00000008_aa46ee39",
      "scale_factor": 487.57255870280477,
      "start_byte": 256,
      "num_qubits": 5,
      "storage_bytes": 512
    },
    {
      "index": 9,
      "block_id": "block_00000009_a603f9e7",
      "scale_factor": 467.7574157616317,
      "start_byte": 288,
      "num_qubits": 5,
      "storage_bytes": 512
    },
    {
      "index": 10,
      "block_id": "block_00000010_f0ab896d",
      "scale_factor": 371.5265804757447,
      "start_byte": 320,
      "num_qubits": 5,
      "storage_bytes": 512
    },
    {
      "index": 11,
      "block_id": "block_00000011_9a21040e",
      "scale_factor": 449.74326009402296,
      "start_byte": 352,
      "num_qubits": 5,
      "storage_bytes": 512
    },
    {
      "index": 12,
      "block_id": "block_00000012_ac82fe29",
      "scale_factor": 429.8778896384414,
      "start_byte": 384,
      "num_qubits": 5,
      "storage_bytes": 512
    },
    {
      "index": 13,
      "block_id": "block_00000013_3b614c4e",
      "scale_factor": 473.4754481491094,
      "start_byte": 416,
      "num_qubits": 5,
      "storage_bytes": 512
    },
    {
      "index": 14,
      "block_id": "block_00000014_5f0bfe88",
      "scale_factor": 399.28435982392296,
      "start_byte": 448,
      "num_qubits": 5,
      "storage_bytes": 512
    },
    {
      "index": 15,
      "block_id": "block_00000015_e3285fbe",
      "scale_factor": 453.2835757006865,
      "start_byte": 480,
      "num_qubits": 5,
      "storage_bytes": 512
    },
    {
      "index": 16,
      "block_id": "block_00000016_e1c52683",
      "scale_factor": 455.1889717468999,
      "start_byte": 512,
      "num_qubits": 5,
      "storage_bytes": 512
    },
    {
      "index": 17,
      "block_id": "block_00000017_60e32044",
      "scale_factor": 363.6633058200951,
      "start_byte": 544,
      "num_qubits": 5,
      "storage_bytes": 512
    },
    {
      "index": 18,
      "block_id": "block_00000018_d76c246c",
      "scale_factor": 451.44656383674027,
      "start_byte": 576,
      "num_qubits": 5,
      "storage_bytes": 512
    },
    {
      "index": 19,
      "block_id": "block_00000019_bcac8755",
      "scale_factor": 474.2942124884089,
      "start_byte": 608,
      "num_qubits": 5,
      "storage_bytes": 512
    },
    {
      "index": 20,
      "block_id": "block_00000020_c5ed791a",
      "scale_factor": 467.21408369183393,
      "start_byte": 640,
      "num_qubits": 5,
      "storage_bytes": 512
    },
    {
      "index": 21,
      "block_id": "block_00000021_2292a0a4",
      "scale_factor": 423.2457914734652,
      "start_byte": 672,
      "num_qubits": 5,
      "storage_bytes": 512
    },
    {
      "index": 22,
      "block_id": "block_00000022_987c6992",
      "scale_factor": 450.5896137285013,
      "start_byte": 704,
      "num_qubits": 5,
      "storage_bytes": 512
    },
    {
      "index": 23,
      "block_id": "block_00000023_0a02eef4",
      "scale_factor": 466.4054030561824,
      "start_byte": 736,
      "num_qubits": 5,
      "storage_bytes": 512
    },
    {
      "index": 24,
      "block_id": "block_00000024_db79aee7",
      "scale_factor": 483.911148869294,
      "start_byte": 768,
      "num_qubits": 5,
      "storage_bytes": 512
    },
    {
      "index": 25,
      "block_id": "block_00000025_aacec428",
      "scale_factor": 466.7965295500814,
      "start_byte": 800,
      "num_qubits": 5,
      "storage_bytes": 512
    },
    {
      "index": 26,
      "block_id": "block_00000026_02444f1d",
      "scale_factor": 422.0604222146398,
      "start_byte": 832,
      "num_qubits": 5,
      "storage_bytes": 512
    },
    {
      "index": 27,
      "block_id": "block_00000027_cc531180",
      "scale_factor": 504.3451199327698,
      "start_byte": 864,
      "num_qubits": 5,
      "storage_bytes": 512
    },
    {
      "index": 28,
      "block_id": "block_00000028_a32200ff",
      "scale_factor": 328.29102942358935,
      "start_byte": 896,
      "num_qubits": 5,
      "storage_bytes": 512
    },
    {
      "index": 29,
      "block_id": "block_00000029_d3fe2afd",
      "scale_factor": 518.8024672262073,
      "start_byte": 928,
      "num_qubits": 5,
      "storage_bytes": 512
    },
    {
      "index": 30,
      "block_id": "block_00000030_a8c63adc",
      "scale_factor": 502.20812418757225,
      "start_byte": 960,
      "num_qubits": 5,
      "storage_bytes": 512
    },
    {
      "index": 31,
      "block_id": "block_00000031_f719e6a7",
      "scale_factor": 538.6436670007362,
      "start_byte": 992,
      "num_qubits": 5,
      "storage_bytes": 512
    },
    {
      "index": 32,
      "block_id": "block_00000032_d3089615",
      "scale_factor": 492.7524733575672,
      "start_byte": 1024,
      "num_qubits": 5,
      "storage_bytes": 512
    },
    {
      "index": 33,
      "block_id": "block_00000033_0cdd822f",
      "scale_factor": 412.71055232450743,
      "start_byte": 1056,
      "num_qubits": 5,
      "storage_bytes": 512
    },
    {
      "index": 34,
      "block_id": "block_00000034_a703d9da",
      "scale_factor": 453.21959357468205,
      "start_byte": 1088,
      "num_qubits": 5,
      "storage_bytes": 512
    },
    {
      "index": 35,
      "block_id": "block_00000035_6719d605",
      "scale_factor": 417.4709570736628,
      "start_byte": 1120,
      "num_qubits": 5,
      "storage_bytes": 512
    },
    {
      "index": 36,
      "block_id": "block_00000036_6c5b48b2",
      "scale_factor": 489.52221604335796,
      "start_byte": 1152,
      "num_qubits": 5,
      "storage_bytes": 512
    },
    {
      "index": 37,
      "block_id": "block_00000037_9d37ebea",
      "scale_factor": 442.8905056557433,
      "start_byte": 1184,
      "num_qubits": 5,
      "storage_bytes": 512
    },
    {
      "index": 38,
      "block_id": "block_00000038_8a73163e",
      "scale_factor": 399.02506186955225,
      "start_byte": 1216,
      "num_qubits": 5,
      "storage_bytes": 512
    },
    {
      "index": 39,
      "block_id": "block_00000039_0aa3c1a8",
      "scale_factor": 427.9918223517828,
      "start_byte": 1248,
      "num_qubits": 5,
      "storage_bytes": 512
    },
    {
      "index": 40,
      "block_id": "block_00000040_978a99d4",
      "scale_factor": 417.0431632337353,
      "start_byte": 1280,
      "num_qubits": 5,
      "storage_bytes": 512
    },
    {
      "index": 41,
      "block_id": "block_00000041_cf76d11b",
      "scale_factor": 431.4904402185522,
      "start_byte": 1312,
      "num_qubits": 5,
      "storage_bytes": 512
    },
    {
      "index": 42,
      "block_id": "block_00000042_0f59beff",
      "scale_factor": 446.48404226803,
      "start_byte": 1344,
      "num_qubits": 5,
      "storage_bytes": 512
    },
    {
      "index": 43,
      "block_id": "block_00000043_767d4f3f",
      "scale_factor": 466.9036303135798,
      "start_byte": 1376,
      "num_qubits": 5,
      "storage_bytes": 512
    },
    {
      "index": 44,
      "block_id": "block_00000044_d085c339",
      "scale_factor": 451.74550357474504,
      "start_byte": 1408,
      "num_qubits": 5,
      "storage_bytes": 512
    },
    {
      "index": 45,
      "block_id": "block_00000045_2f8b9912",
      "scale_factor": 437.15672246918496,
      "start_byte": 1440,
      "num_qubits": 5,
      "storage_bytes": 512
    },
    {
      "index": 46,
      "block_id": "block_00000046_21599235",
      "scale_factor": 483.80884654995714,
      "start_byte": 1472,
      "num_qubits": 5,
      "storage_bytes": 512
    },
    {
      "index": 47,
      "block_id": "block_00000047_785d3b84",
      "scale_factor": 449.79550909274315,
      "start_byte": 1504,
      "num_qubits": 5,
      "storage_bytes": 512
    },
    {
      "index": 48,
      "block_id": "block_00000048_30d467d5",
      "scale_factor": 450.82701782390996,
      "start_byte": 1536,
      "num_qubits": 5,
      "storage_bytes": 512
    },
    {
      "index": 49,
      "block_id": "block_00000049_6f71fae8",
      "scale_factor": 440.8310333903456,
      "start_byte": 1568,
      "num_qubits": 5,
      "storage_bytes": 512
    },
    {
      "index": 50,
      "block_id": "block_00000050_0d87e7a4",
      "scale_factor": 446.04147789191086,
      "start_byte": 1600,
      "num_qubits": 5,
      "storage_bytes": 512
    },
    {
      "index": 51,
      "block_id": "block_00000051_2f188908",
      "scale_factor": 436.57072737415643,
      "start_byte": 1632,
      "num_qubits": 5,
      "storage_bytes": 512
    },
    {
      "index": 52,
      "block_id": "block_00000052_e6413255",
      "scale_factor": 431.30383721919287,
      "start_byte": 1664,
      "num_qubits": 5,
      "storage_bytes": 512
    },
    {
      "index": 53,
      "block_id": "block_00000053_de02624c",
      "scale_factor": 459.46817082361645,
      "start_byte": 1696,
      "num_qubits": 5,
      "storage_bytes": 512
    },
    {
      "index": 54,
      "block_id": "block_00000054_2457515f",
      "scale_factor": 452.203494015692,
      "start_byte": 1728,
      "num_qubits": 5,
      "storage_bytes": 512
    },
    {
      "index": 55,
      "block_id": "block_00000055_e582413c",
      "scale_factor": 494.71102676208864,
      "start_byte": 1760,
      "num_qubits": 5,
      "storage_bytes": 512
    },
    {
      "index": 56,
      "block_id": "block_00000056_e7424b34",
      "scale_factor": 426.50439622587714,
      "start_byte": 1792,
      "num_qubits": 5,
      "storage_bytes": 512
    },
    {
      "index": 57,
      "block_id": "block_00000057_9dc4bf60",
      "scale_factor": 426.8875730212816,
      "start_byte": 1824,
      "num_qubits": 5,
      "storage_bytes": 512
    },
    {
      "index": 58,
      "block_id": "block_00000058_e6b03bcf",
      "scale_factor": 415.61640968566195,
      "start_byte": 1856,
      "num_qubits": 5,
      "storage_bytes": 512
    },
    {
      "index": 59,
      "block_id": "block_00000059_669dada5",
      "scale_factor": 464.9892471875022,
      "start_byte": 1888,
      "num_qubits": 5,
      "storage_bytes": 512
    },
    {
      "index": 60,
      "block_id": "block_00000060_b34b677d",
      "scale_factor": 424.27231821083967,
      "start_byte": 1920,
      "num_qubits": 5,
      "storage_bytes": 512
    },
    {
      "index": 61,
      "block_id": "block_00000061_5b979b46",
      "scale_factor": 420.6399885888169,
      "start_byte": 1952,
      "num_qubits": 5,
      "storage_bytes": 512
    },
    {
      "index": 62,
      "block_id": "block_00000062_889b9a0d",
      "scale_factor": 444.7178881043577,
      "start_byte": 1984,
      "num_qubits": 5,
      "storage_bytes": 512
    },
    {
      "index": 63,
      "block_id": "block_00000063_6c25cbc3",
      "scale_factor": 454.70979756323703,
      "start_byte": 2016,
      "num_qubits": 5,
      "storage_bytes": 512
    },
    {
      "index": 64,
      "block_id": "block_00000064_0d820ccc",
      "scale_factor": 445.6287692687715,
      "start_byte": 2048,
      "num_qubits": 5,
      "storage_bytes": 512
    },
    {
      "index": 65,
      "block_id": "block_00000065_0ca59fe1",
      "scale_factor": 429.0244748263204,
      "start_byte": 2080,
      "num_qubits": 5,
      "storage_bytes": 512
    },
    {
      "index": 66,
      "block_id": "block_00000066_ebc3fe63",
      "scale_factor": 428.13082112830887,
      "start_byte": 2112,
      "num_qubits": 5,
      "storage_bytes": 512
    },
    {
      "index": 67,
      "block_id": "block_00000067_07a243c9",
      "scale_factor": 467.6729626565983,
      "start_byte": 2144,
      "num_qubits": 5,
      "storage_bytes": 512
    },
    {
      "index": 68,
      "block_id": "block_00000068_725b29d1",
      "scale_factor": 410.37178265567917,
      "start_byte": 2176,
      "num_qubits": 5,
      "storage_bytes": 512
    },
    {
      "index": 69,
      "block_id": "block_00000069_99e0916d",
      "scale_factor": 445.7947958422126,
      "start_byte": 2208,
      "num_qubits": 5,
      "storage_bytes": 512
    },
    {
      "index": 70,
      "block_id": "block_00000070_f70e773b",
      "scale_factor": 471.5845629364897,
      "start_byte": 2240,
      "num_qubits": 5,
      "storage_bytes": 512
    },
    {
      "index": 71,
      "block_id": "block_00000071_2a437c2b",
      "scale_factor": 438.71858861917394,
      "start_byte": 2272,
      "num_qubits": 5,
      "storage_bytes": 512
    },
    {
      "index": 72,
      "block_id": "block_00000072_f4935684",
      "scale_factor": 487.0841816359878,
      "start_byte": 2304,
      "num_qubits": 5,
      "storage_bytes": 512
    },
    {
      "index": 73,
      "block_id": "block_00000073_08fc6d79",
      "scale_factor": 458.83439278240684,
      "start_byte": 2336,
      "num_qubits": 5,
      "storage_bytes": 512
    },
    {
      "index": 74,
      "block_id": "block_00000074_c0b9aeb4",
      "scale_factor": 451.32804034316325,
      "start_byte": 2368,
      "num_qubits": 5,
      "storage_bytes": 512
    },
    {
      "index": 75,
      "block_id": "block_00000075_1ea2881b",
      "scale_factor": 441.77369772316683,
      "start_byte": 2400,
      "num_qubits": 5,
      "storage_bytes": 512
    },
    {
      "index": 76,
      "block_id": "block_00000076_f32965cc",
      "scale_factor": 402.1890102924246,
      "start_byte": 2432,
      "num_qubits": 5,
      "storage_bytes": 512
    },
    {
      "index": 77,
      "block_id": "block_00000077_27661db6",
      "scale_factor": 428.148338779914,
      "start_byte": 2464,
      "num_qubits": 5,
      "storage_bytes": 512
    },
    {
      "index": 78,
      "block_id": "block_00000078_100f9b2a",
      "scale_factor": 430.9222667720943,
      "start_byte": 2496,
      "num_qubits": 5,
      "storage_bytes": 512
    },
    {
      "index": 79,
      "block_id": "block_00000079_b518c778",
      "scale_factor": 446.49748039602645,
      "start_byte": 2528,
      "num_qubits": 5,
      "storage_bytes": 512
    },
    {
      "index": 80,
      "block_id": "block_00000080_d62869ea",
      "scale_factor": 442.83631287418154,
      "start_byte": 2560,
      "num_qubits": 5,
      "storage_bytes": 512
    },
    {
      "index": 81,
      "block_id": "block_00000081_f59a3d93",
      "scale_factor": 430.22087350569126,
      "start_byte": 2592,
      "num_qubits": 5,
      "storage_bytes": 512
    },
    {
      "index": 82,
      "block_id": "block_00000082_bd264728",
      "scale_factor": 503.7757437590659,
      "start_byte": 2624,
      "num_qubits": 5,
      "storage_bytes": 512
    },
    {
      "index": 83,
      "block_id": "block_00000083_833537b6",
      "scale_factor": 463.36270890092135,
      "start_byte": 2656,
      "num_qubits": 5,
      "storage_bytes": 512
    },
    {
      "index": 84,
      "block_id": "block_00000084_4951293b",
      "scale_factor": 480.847169067262,
      "start_byte": 2688,
      "num_qubits": 5,
      "storage_bytes": 512
    },
    {
      "index": 85,
      "block_id": "block_00000085_498cece2",
      "scale_factor": 440.5360371184178,
      "start_byte": 2720,
      "num_qubits": 5,
      "storage_bytes": 512
    },
    {
      "index": 86,
      "block_id": "block_00000086_946a7bce",
      "scale_factor": 445.65233085893317,
      "start_byte": 2752,
      "num_qubits": 5,
      "storage_bytes": 512
    },
    {
      "index": 87,
      "block_id": "block_00000087_11c3dc8c",
      "scale_factor": 452.9414973260896,
      "start_byte": 2784,
      "num_qubits": 5,
      "storage_bytes": 512
    },
    {
      "index": 88,
      "block_id": "block_00000088_202b27d2",
      "scale_factor": 409.93414105194995,
      "start_byte": 2816,
      "num_qubits": 5,
      "storage_bytes": 512
    },
    {
      "index": 89,
      "block_id": "block_00000089_7bd03ddf",
      "scale_factor": 471.4244372113096,
      "start_byte": 2848,
      "num_qubits": 5,
      "storage_bytes": 512
    },
    {
      "index": 90,
      "block_id": "block_00000090_ebe58e3c",
      "scale_factor": 467.1134765771589,
      "start_byte": 2880,
      "num_qubits": 5,
      "storage_bytes": 512
    },
    {
      "index": 91,
      "block_id": "block_00000091_171f7b74",
      "scale_factor": 398.1796077149105,
      "start_byte": 2912,
      "num_qubits": 5,
      "storage_bytes": 512
    },
    {
      "index": 92,
      "block_id": "block_00000092_f3cdd378",
      "scale_factor": 442.0893574833034,
      "start_byte": 2944,
      "num_qubits": 5,
      "storage_bytes": 512
    },
    {
      "index": 93,
      "block_id": "block_00000093_30b00888",
      "scale_factor": 462.77640389285193,
      "start_byte": 2976,
      "num_qubits": 5,
      "storage_bytes": 512
    },
    {
      "index": 94,
      "block_id": "block_00000094_de144d0a",
      "scale_factor": 452.9514322750288,
      "start_byte": 3008,
      "num_qubits": 5,
      "storage_bytes": 512
    },
    {
      "index": 95,
      "block_id": "block_00000095_5b7a1089",
      "scale_factor": 465.7134311999172,
      "start_byte": 3040,
      "num_qubits": 5,
      "storage_bytes": 512
    },
    {
      "index": 96,
      "block_id": "block_00000096_d1681987",
      "scale_factor": 522.5007177028564,
      "start_byte": 3072,
      "num_qubits": 5,
      "storage_bytes": 512
    },
    {
      "index": 97,
      "block_id": "block_00000097_2e6da96d",
      "scale_factor": 277.34274823762746,
      "start_byte": 3104,
      "num_qubits": 5,
      "storage_bytes": 512
    },
    {
      "index": 98,
      "block_id": "block_00000098_636b5297",
      "scale_factor": 286.5711081040795,
      "start_byte": 3136,
      "num_qubits": 5,
      "storage_bytes": 512
    },
    {
      "index": 99,
      "block_id": "block_00000099_b122c883",
      "scale_factor": 280.46746691907066,
      "start_byte": 3168,
      "num_qubits": 5,
      "storage_bytes": 512
    },
    {
      "index": 100,
      "block_id": "block_00000100_5f7f8549",
      "scale_factor": 288.294987816299,
      "start_byte": 3200,
      "num_qubits": 5,
      "storage_bytes": 512
    },
    {
      "index": 101,
      "block_id": "block_00000101_5c88966a",
      "scale_factor": 279.0788419067271,
      "start_byte": 3232,
      "num_qubits": 5,
      "storage_bytes": 512
    },
    {
      "index": 102,
      "block_id": "block_00000102_535ebb87",
      "scale_factor": 292.2259399848001,
      "start_byte": 3264,
      "num_qubits": 5,
      "storage_bytes": 512
    },
    {
      "index": 103,
      "block_id": "block_00000103_c1c67df4",
      "scale_factor": 307.08467887538774,
      "start_byte": 3296,
      "num_qubits": 5,
      "storage_bytes": 512
    },
    {
      "index": 104,
      "block_id": "block_00000104_3eca52b3",
      "scale_factor": 439.3995903502869,
      "start_byte": 3328,
      "num_qubits": 5,
      "storage_bytes": 512
    },
    {
      "index": 105,
      "block_id": "block_00000105_93d8312e",
      "scale_factor": 380.7098632817385,
      "start_byte": 3360,
      "num_qubits": 5,
      "storage_bytes": 512
    },
    {
      "index": 106,
      "block_id": "block_00000106_8bf056e9",
      "scale_factor": 429.06526310108114,
      "start_byte": 3392,
      "num_qubits": 5,
      "storage_bytes": 512
    },
    {
      "index": 107,
      "block_id": "block_00000107_85b67562",
      "scale_factor": 518.8015034673666,
      "start_byte": 3424,
      "num_qubits": 5,
      "storage_bytes": 512
    },
    {
      "index": 108,
      "block_id": "block_00000108_8504d2e5",
      "scale_factor": 526.6478899606453,
      "start_byte": 3456,
      "num_qubits": 5,
      "storage_bytes": 512
    },
    {
      "index": 109,
      "block_id": "block_00000109_719b2cfd",
      "scale_factor": 410.68235900754246,
      "start_byte": 3488,
      "num_qubits": 5,
      "storage_bytes": 512
    },
    {
      "index": 110,
      "block_id": "block_00000110_1323156b",
      "scale_factor": 385.2920969861697,
      "start_byte": 3520,
      "num_qubits": 5,
      "storage_bytes": 512
    }
  ],
  "save_results": {
    "total_blocks": 111,
    "successful_saves": 111,
    "failed_saves": 0
  },
  "timestamp": "2026-01-29T15:10:11.407637",
  "version": "3.0"
}